<?xml version="1.0"?>
<font>
  <info face="sysFont" size="43" bold="0" italic="0" charset="" unicode="1" stretchH="100" smooth="1" aa="4" padding="2,2,2,2" spacing="1,1" outline="0"/>
  <common lineHeight="43" base="34" scaleW="256" scaleH="256" pages="1" packed="0" alphaChnl="1" redChnl="0" greenChnl="0" blueChnl="0"/>
  <pages>
    <page id="0" file="preloader/sysFont.tex.pixi.png" />
  </pages>
  <chars count="118">
    <char id="13" x="244" y="58" width="5" height="5" xoffset="-2" yoffset="-2" xadvance="19" page="0" chnl="15" />
    <char id="32" x="237" y="29" width="5" height="5" xoffset="-2" yoffset="-2" xadvance="19" page="0" chnl="15" />
    <char id="33" x="244" y="29" width="10" height="28" xoffset="4" yoffset="7" xadvance="19" page="0" chnl="15" />
    <char id="34" x="229" y="202" width="17" height="15" xoffset="1" yoffset="7" xadvance="19" page="0" chnl="15" />
    <char id="35" x="76" y="98" width="23" height="28" xoffset="-2" yoffset="7" xadvance="19" page="0" chnl="15" />
    <char id="36" x="0" y="0" width="21" height="38" xoffset="-1" yoffset="2" xadvance="19" page="0" chnl="15" />
    <char id="37" x="0" y="104" width="25" height="28" xoffset="-2" yoffset="7" xadvance="19" page="0" chnl="15" />
    <char id="38" x="67" y="37" width="22" height="29" xoffset="-1" yoffset="7" xadvance="19" page="0" chnl="15" />
    <char id="39" x="70" y="237" width="9" height="15" xoffset="5" yoffset="7" xadvance="19" page="0" chnl="15" />
    <char id="40" x="41" y="0" width="15" height="36" xoffset="3" yoffset="3" xadvance="19" page="0" chnl="15" />
    <char id="41" x="57" y="0" width="15" height="36" xoffset="1" yoffset="3" xadvance="19" page="0" chnl="15" />
    <char id="42" x="20" y="215" width="22" height="22" xoffset="-2" yoffset="11" xadvance="19" page="0" chnl="15" />
    <char id="43" x="43" y="215" width="20" height="21" xoffset="-1" yoffset="12" xadvance="19" page="0" chnl="15" />
    <char id="44" x="28" y="238" width="13" height="15" xoffset="2" yoffset="26" xadvance="19" page="0" chnl="15" />
    <char id="45" x="157" y="236" width="15" height="9" xoffset="2" yoffset="18" xadvance="19" page="0" chnl="15" />
    <char id="46" x="138" y="224" width="11" height="11" xoffset="4" yoffset="24" xadvance="19" page="0" chnl="15" />
    <char id="47" x="95" y="0" width="21" height="35" xoffset="-1" yoffset="4" xadvance="19" page="0" chnl="15" />
    <char id="48" x="170" y="66" width="20" height="29" xoffset="-1" yoffset="7" xadvance="19" page="0" chnl="15" />
    <char id="49" x="63" y="162" width="20" height="28" xoffset="0" yoffset="7" xadvance="19" page="0" chnl="15" />
    <char id="50" x="178" y="36" width="21" height="29" xoffset="-1" yoffset="7" xadvance="19" page="0" chnl="15" />
    <char id="51" x="200" y="36" width="21" height="29" xoffset="-1" yoffset="7" xadvance="19" page="0" chnl="15" />
    <char id="52" x="84" y="160" width="20" height="28" xoffset="-1" yoffset="7" xadvance="19" page="0" chnl="15" />
    <char id="53" x="191" y="66" width="20" height="29" xoffset="-1" yoffset="7" xadvance="19" page="0" chnl="15" />
    <char id="54" x="0" y="74" width="21" height="29" xoffset="-1" yoffset="7" xadvance="19" page="0" chnl="15" />
    <char id="55" x="110" y="126" width="21" height="28" xoffset="-1" yoffset="7" xadvance="19" page="0" chnl="15" />
    <char id="56" x="22" y="74" width="21" height="29" xoffset="-1" yoffset="7" xadvance="19" page="0" chnl="15" />
    <char id="57" x="90" y="36" width="21" height="29" xoffset="-1" yoffset="7" xadvance="19" page="0" chnl="15" />
    <char id="58" x="240" y="124" width="11" height="23" xoffset="4" yoffset="12" xadvance="19" page="0" chnl="15" />
    <char id="59" x="239" y="95" width="13" height="28" xoffset="2" yoffset="12" xadvance="19" page="0" chnl="15" />
    <char id="60" x="235" y="178" width="19" height="23" xoffset="0" yoffset="11" xadvance="19" page="0" chnl="15" />
    <char id="61" x="117" y="209" width="19" height="18" xoffset="0" yoffset="13" xadvance="19" page="0" chnl="15" />
    <char id="62" x="215" y="178" width="19" height="23" xoffset="0" yoffset="11" xadvance="19" page="0" chnl="15" />
    <char id="63" x="237" y="0" width="18" height="28" xoffset="1" yoffset="7" xadvance="19" page="0" chnl="15" />
    <char id="64" x="0" y="39" width="23" height="34" xoffset="-2" yoffset="7" xadvance="19" page="0" chnl="15" />
    <char id="65" x="194" y="96" width="22" height="28" xoffset="-2" yoffset="7" xadvance="19" page="0" chnl="15" />
    <char id="66" x="22" y="133" width="21" height="28" xoffset="0" yoffset="7" xadvance="19" page="0" chnl="15" />
    <char id="67" x="134" y="36" width="21" height="29" xoffset="-1" yoffset="7" xadvance="19" page="0" chnl="15" />
    <char id="68" x="21" y="162" width="20" height="28" xoffset="0" yoffset="7" xadvance="19" page="0" chnl="15" />
    <char id="69" x="125" y="155" width="19" height="28" xoffset="0" yoffset="7" xadvance="19" page="0" chnl="15" />
    <char id="70" x="0" y="162" width="20" height="28" xoffset="0" yoffset="7" xadvance="19" page="0" chnl="15" />
    <char id="71" x="156" y="36" width="21" height="29" xoffset="-1" yoffset="7" xadvance="19" page="0" chnl="15" />
    <char id="72" x="42" y="162" width="20" height="28" xoffset="0" yoffset="7" xadvance="19" page="0" chnl="15" />
    <char id="73" x="105" y="156" width="19" height="28" xoffset="0" yoffset="7" xadvance="19" page="0" chnl="15" />
    <char id="74" x="112" y="36" width="21" height="29" xoffset="-2" yoffset="7" xadvance="19" page="0" chnl="15" />
    <char id="75" x="44" y="133" width="21" height="28" xoffset="0" yoffset="7" xadvance="19" page="0" chnl="15" />
    <char id="76" x="165" y="154" width="19" height="28" xoffset="1" yoffset="7" xadvance="19" page="0" chnl="15" />
    <char id="77" x="66" y="131" width="21" height="28" xoffset="-1" yoffset="7" xadvance="19" page="0" chnl="15" />
    <char id="78" x="198" y="125" width="20" height="28" xoffset="-1" yoffset="7" xadvance="19" page="0" chnl="15" />
    <char id="79" x="65" y="68" width="20" height="29" xoffset="-1" yoffset="7" xadvance="19" page="0" chnl="15" />
    <char id="80" x="88" y="127" width="21" height="28" xoffset="0" yoffset="7" xadvance="19" page="0" chnl="15" />
    <char id="81" x="24" y="37" width="21" height="34" xoffset="-1" yoffset="7" xadvance="19" page="0" chnl="15" />
    <char id="82" x="132" y="125" width="21" height="28" xoffset="0" yoffset="7" xadvance="19" page="0" chnl="15" />
    <char id="83" x="222" y="36" width="21" height="29" xoffset="-1" yoffset="7" xadvance="19" page="0" chnl="15" />
    <char id="84" x="154" y="125" width="21" height="28" xoffset="-1" yoffset="7" xadvance="19" page="0" chnl="15" />
    <char id="85" x="86" y="67" width="20" height="29" xoffset="-1" yoffset="7" xadvance="19" page="0" chnl="15" />
    <char id="86" x="148" y="96" width="22" height="28" xoffset="-2" yoffset="7" xadvance="19" page="0" chnl="15" />
    <char id="87" x="124" y="96" width="23" height="28" xoffset="-2" yoffset="7" xadvance="19" page="0" chnl="15" />
    <char id="88" x="52" y="102" width="23" height="28" xoffset="-2" yoffset="7" xadvance="19" page="0" chnl="15" />
    <char id="89" x="100" y="97" width="23" height="28" xoffset="-2" yoffset="7" xadvance="19" page="0" chnl="15" />
    <char id="90" x="185" y="154" width="19" height="28" xoffset="0" yoffset="7" xadvance="19" page="0" chnl="15" />
    <char id="91" x="212" y="0" width="14" height="35" xoffset="3" yoffset="4" xadvance="19" page="0" chnl="15" />
    <char id="92" x="73" y="0" width="21" height="35" xoffset="-1" yoffset="4" xadvance="19" page="0" chnl="15" />
    <char id="93" x="197" y="0" width="14" height="35" xoffset="2" yoffset="4" xadvance="19" page="0" chnl="15" />
    <char id="94" x="96" y="213" width="20" height="18" xoffset="-1" yoffset="7" xadvance="19" page="0" chnl="15" />
    <char id="95" x="116" y="244" width="20" height="9" xoffset="-1" yoffset="31" xadvance="19" page="0" chnl="15" />
    <char id="96" x="173" y="234" width="13" height="9" xoffset="2" yoffset="5" xadvance="19" page="0" chnl="15" />
    <char id="97" x="194" y="183" width="20" height="23" xoffset="-1" yoffset="12" xadvance="19" page="0" chnl="15" />
    <char id="98" x="212" y="66" width="20" height="29" xoffset="0" yoffset="7" xadvance="19" page="0" chnl="15" />
    <char id="99" x="110" y="185" width="20" height="23" xoffset="-1" yoffset="12" xadvance="19" page="0" chnl="15" />
    <char id="100" x="44" y="72" width="20" height="29" xoffset="-1" yoffset="7" xadvance="19" page="0" chnl="15" />
    <char id="101" x="89" y="189" width="20" height="23" xoffset="-1" yoffset="12" xadvance="19" page="0" chnl="15" />
    <char id="102" x="217" y="96" width="21" height="28" xoffset="-1" yoffset="7" xadvance="19" page="0" chnl="15" />
    <char id="103" x="149" y="66" width="20" height="29" xoffset="-1" yoffset="12" xadvance="19" page="0" chnl="15" />
    <char id="104" x="219" y="125" width="20" height="28" xoffset="0" yoffset="7" xadvance="19" page="0" chnl="15" />
    <char id="105" x="46" y="37" width="20" height="30" xoffset="0" yoffset="5" xadvance="19" page="0" chnl="15" />
    <char id="106" x="22" y="0" width="18" height="36" xoffset="-1" yoffset="5" xadvance="19" page="0" chnl="15" />
    <char id="107" x="0" y="133" width="21" height="28" xoffset="0" yoffset="7" xadvance="19" page="0" chnl="15" />
    <char id="108" x="233" y="66" width="22" height="28" xoffset="-2" yoffset="7" xadvance="19" page="0" chnl="15" />
    <char id="109" x="23" y="191" width="21" height="23" xoffset="-1" yoffset="12" xadvance="19" page="0" chnl="15" />
    <char id="110" x="131" y="184" width="20" height="23" xoffset="0" yoffset="12" xadvance="19" page="0" chnl="15" />
    <char id="111" x="152" y="183" width="20" height="23" xoffset="-1" yoffset="12" xadvance="19" page="0" chnl="15" />
    <char id="112" x="107" y="66" width="20" height="29" xoffset="0" yoffset="12" xadvance="19" page="0" chnl="15" />
    <char id="113" x="128" y="66" width="20" height="29" xoffset="-1" yoffset="12" xadvance="19" page="0" chnl="15" />
    <char id="114" x="45" y="191" width="21" height="23" xoffset="0" yoffset="12" xadvance="19" page="0" chnl="15" />
    <char id="115" x="67" y="191" width="21" height="23" xoffset="-1" yoffset="12" xadvance="19" page="0" chnl="15" />
    <char id="116" x="176" y="125" width="21" height="28" xoffset="-1" yoffset="8" xadvance="19" page="0" chnl="15" />
    <char id="117" x="173" y="183" width="20" height="23" xoffset="0" yoffset="13" xadvance="19" page="0" chnl="15" />
    <char id="118" x="229" y="154" width="22" height="23" xoffset="-2" yoffset="13" xadvance="19" page="0" chnl="15" />
    <char id="119" x="205" y="154" width="23" height="23" xoffset="-2" yoffset="13" xadvance="19" page="0" chnl="15" />
    <char id="120" x="0" y="191" width="22" height="23" xoffset="-2" yoffset="13" xadvance="19" page="0" chnl="15" />
    <char id="121" x="171" y="96" width="22" height="28" xoffset="-2" yoffset="13" xadvance="19" page="0" chnl="15" />
    <char id="122" x="0" y="215" width="19" height="23" xoffset="0" yoffset="13" xadvance="19" page="0" chnl="15" />
    <char id="123" x="177" y="0" width="19" height="35" xoffset="0" yoffset="3" xadvance="19" page="0" chnl="15" />
    <char id="124" x="227" y="0" width="9" height="35" xoffset="5" yoffset="3" xadvance="19" page="0" chnl="15" />
    <char id="125" x="157" y="0" width="19" height="35" xoffset="0" yoffset="3" xadvance="19" page="0" chnl="15" />
    <char id="126" x="94" y="237" width="21" height="13" xoffset="-1" yoffset="15" xadvance="19" page="0" chnl="15" />
    <char id="8208" x="239" y="218" width="15" height="9" xoffset="2" yoffset="18" xadvance="19" page="0" chnl="15" />
    <char id="8211" x="137" y="244" width="19" height="9" xoffset="0" yoffset="18" xadvance="19" page="0" chnl="15" />
    <char id="8212" x="214" y="223" width="24" height="9" xoffset="-2" yoffset="18" xadvance="19" page="0" chnl="15" />
    <char id="8216" x="0" y="239" width="13" height="15" xoffset="4" yoffset="5" xadvance="19" page="0" chnl="15" />
    <char id="8217" x="56" y="237" width="13" height="15" xoffset="2" yoffset="5" xadvance="19" page="0" chnl="15" />
    <char id="8218" x="14" y="239" width="13" height="15" xoffset="2" yoffset="26" xadvance="19" page="0" chnl="15" />
    <char id="8220" x="137" y="208" width="22" height="15" xoffset="-1" yoffset="5" xadvance="19" page="0" chnl="15" />
    <char id="8221" x="206" y="207" width="22" height="15" xoffset="-1" yoffset="5" xadvance="19" page="0" chnl="15" />
    <char id="8222" x="160" y="207" width="22" height="15" xoffset="-1" yoffset="26" xadvance="19" page="0" chnl="15" />
    <char id="8224" x="137" y="0" width="19" height="35" xoffset="0" yoffset="3" xadvance="19" page="0" chnl="15" />
    <char id="8225" x="117" y="0" width="19" height="35" xoffset="0" yoffset="3" xadvance="19" page="0" chnl="15" />
    <char id="8226" x="80" y="237" width="13" height="14" xoffset="3" yoffset="14" xadvance="19" page="0" chnl="15" />
    <char id="8228" x="150" y="224" width="11" height="11" xoffset="4" yoffset="24" xadvance="19" page="0" chnl="15" />
    <char id="8230" x="116" y="232" width="21" height="11" xoffset="-1" yoffset="25" xadvance="19" page="0" chnl="15" />
    <char id="8240" x="26" y="104" width="25" height="28" xoffset="-3" yoffset="7" xadvance="19" page="0" chnl="15" />
    <char id="8242" x="42" y="238" width="13" height="15" xoffset="2" yoffset="5" xadvance="19" page="0" chnl="15" />
    <char id="8243" x="183" y="207" width="22" height="15" xoffset="-1" yoffset="5" xadvance="19" page="0" chnl="15" />
    <char id="8249" x="80" y="215" width="15" height="21" xoffset="2" yoffset="14" xadvance="19" page="0" chnl="15" />
    <char id="8250" x="64" y="215" width="15" height="21" xoffset="2" yoffset="14" xadvance="19" page="0" chnl="15" />
    <char id="8254" x="188" y="223" width="25" height="9" xoffset="-2" yoffset="4" xadvance="19" page="0" chnl="15" />
    <char id="8255" x="162" y="223" width="25" height="10" xoffset="-2" yoffset="31" xadvance="19" page="0" chnl="15" />
    <char id="8260" x="145" y="154" width="19" height="28" xoffset="0" yoffset="7" xadvance="19" page="0" chnl="15" />
  </chars>
</font>
