{
	"frames": {
		"./ads_ico": {
			"frame": {
				"h": 55,
				"w": 72,
				"x": 1055,
				"y": 1177
			},
			"rotated": false,
			"spriteSourceSize": {
				"h": 55,
				"w": 72,
				"x": 14,
				"y": 24
			},
			"sourceSize": {
				"h": 100,
				"w": 100
			},
			"trimmed": true
		},
		"./button": {
			"frame": {
				"h": 75,
				"w": 76,
				"x": 1173,
				"y": 705
			},
			"rotated": false,
			"spriteSourceSize": {
				"h": 75,
				"w": 76,
				"x": 4,
				"y": 4
			},
			"sourceSize": {
				"h": 80,
				"w": 80
			},
			"trimmed": true
		},
		"./buttonHover": {
			"frame": {
				"h": 75,
				"w": 76,
				"x": 917,
				"y": 1014
			},
			"rotated": false,
			"spriteSourceSize": {
				"h": 75,
				"w": 76,
				"x": 4,
				"y": 4
			},
			"sourceSize": {
				"h": 80,
				"w": 80
			},
			"trimmed": true
		},
		"./buttonShop": {
			"frame": {
				"h": 76,
				"w": 76,
				"x": 778,
				"y": 1113
			},
			"rotated": false,
			"spriteSourceSize": {
				"h": 76,
				"w": 76,
				"x": 2,
				"y": 2
			},
			"sourceSize": {
				"h": 80,
				"w": 80
			},
			"trimmed": true
		},
		"./cell": {
			"frame": {
				"h": 127,
				"w": 128,
				"x": 610,
				"y": 4
			},
			"rotated": false,
			"spriteSourceSize": {
				"h": 127,
				"w": 128,
				"x": 0,
				"y": 1
			},
			"sourceSize": {
				"h": 128,
				"w": 128
			},
			"trimmed": true
		},
		"./cellCage": {
			"frame": {
				"h": 126,
				"w": 126,
				"x": 528,
				"y": 471
			},
			"rotated": false,
			"spriteSourceSize": {
				"h": 126,
				"w": 126,
				"x": 1,
				"y": 1
			},
			"sourceSize": {
				"h": 128,
				"w": 128
			},
			"trimmed": true
		},
		"./cellHighlighted": {
			"frame": {
				"h": 127,
				"w": 128,
				"x": 610,
				"y": 135
			},
			"rotated": false,
			"spriteSourceSize": {
				"h": 127,
				"w": 128,
				"x": 0,
				"y": 1
			},
			"sourceSize": {
				"h": 128,
				"w": 128
			},
			"trimmed": true
		},
		"./cellPainted": {
			"frame": {
				"h": 127,
				"w": 128,
				"x": 4,
				"y": 652
			},
			"rotated": false,
			"spriteSourceSize": {
				"h": 127,
				"w": 128,
				"x": 0,
				"y": 1
			},
			"sourceSize": {
				"h": 128,
				"w": 128
			},
			"trimmed": true
		},
		"./closeIcon": {
			"frame": {
				"h": 44,
				"w": 44,
				"x": 1248,
				"y": 189
			},
			"rotated": false,
			"spriteSourceSize": {
				"h": 44,
				"w": 44,
				"x": 8,
				"y": 8
			},
			"sourceSize": {
				"h": 60,
				"w": 60
			},
			"trimmed": true
		},
		"./coin_mod": {
			"frame": {
				"h": 54,
				"w": 58,
				"x": 1193,
				"y": 1177
			},
			"rotated": false,
			"spriteSourceSize": {
				"h": 54,
				"w": 58,
				"x": 2,
				"y": 5
			},
			"sourceSize": {
				"h": 64,
				"w": 64
			},
			"trimmed": true
		},
		"./colorChoose": {
			"frame": {
				"h": 63,
				"w": 196,
				"x": 656,
				"y": 403
			},
			"rotated": false,
			"spriteSourceSize": {
				"h": 63,
				"w": 196,
				"x": 2,
				"y": 6
			},
			"sourceSize": {
				"h": 75,
				"w": 200
			},
			"trimmed": true
		},
		"./fxBlastBig": {
			"frame": {
				"h": 256,
				"w": 256,
				"x": 136,
				"y": 264
			},
			"rotated": false,
			"spriteSourceSize": {
				"h": 256,
				"w": 256,
				"x": 0,
				"y": 0
			},
			"sourceSize": {
				"h": 256,
				"w": 256
			},
			"trimmed": false
		},
		"./fxBlastMini": {
			"frame": {
				"h": 64,
				"w": 64,
				"x": 1117,
				"y": 1093
			},
			"rotated": false,
			"spriteSourceSize": {
				"h": 64,
				"w": 64,
				"x": 0,
				"y": 0
			},
			"sourceSize": {
				"h": 64,
				"w": 64
			},
			"trimmed": false
		},
		"./fxChainDeb0": {
			"frame": {
				"h": 24,
				"w": 44,
				"x": 742,
				"y": 373
			},
			"rotated": false,
			"spriteSourceSize": {
				"h": 24,
				"w": 44,
				"x": 0,
				"y": 0
			},
			"sourceSize": {
				"h": 24,
				"w": 44
			},
			"trimmed": false
		},
		"./fxChainDeb1": {
			"frame": {
				"h": 12,
				"w": 29,
				"x": 790,
				"y": 373
			},
			"rotated": false,
			"spriteSourceSize": {
				"h": 12,
				"w": 29,
				"x": 0,
				"y": 0
			},
			"sourceSize": {
				"h": 12,
				"w": 29
			},
			"trimmed": false
		},
		"./fxChainDeb2": {
			"frame": {
				"h": 18,
				"w": 9,
				"x": 590,
				"y": 217
			},
			"rotated": false,
			"spriteSourceSize": {
				"h": 18,
				"w": 9,
				"x": 0,
				"y": 0
			},
			"sourceSize": {
				"h": 18,
				"w": 9
			},
			"trimmed": false
		},
		"./fxChainDeb3": {
			"frame": {
				"h": 18,
				"w": 25,
				"x": 234,
				"y": 835
			},
			"rotated": false,
			"spriteSourceSize": {
				"h": 18,
				"w": 25,
				"x": 0,
				"y": 0
			},
			"sourceSize": {
				"h": 18,
				"w": 25
			},
			"trimmed": false
		},
		"./fxChainDeb4": {
			"frame": {
				"h": 13,
				"w": 10,
				"x": 590,
				"y": 239
			},
			"rotated": false,
			"spriteSourceSize": {
				"h": 13,
				"w": 10,
				"x": 0,
				"y": 0
			},
			"sourceSize": {
				"h": 13,
				"w": 10
			},
			"trimmed": false
		},
		"./fxChainDeb5": {
			"frame": {
				"h": 10,
				"w": 19,
				"x": 112,
				"y": 783
			},
			"rotated": false,
			"spriteSourceSize": {
				"h": 10,
				"w": 19,
				"x": 0,
				"y": 0
			},
			"sourceSize": {
				"h": 10,
				"w": 19
			},
			"trimmed": false
		},
		"./fxRocket": {
			"frame": {
				"h": 109,
				"w": 60,
				"x": 330,
				"y": 524
			},
			"rotated": false,
			"spriteSourceSize": {
				"h": 109,
				"w": 60,
				"x": 36,
				"y": 12
			},
			"sourceSize": {
				"h": 128,
				"w": 128
			},
			"trimmed": true
		},
		"./fxStoneDeb0": {
			"frame": {
				"h": 76,
				"w": 67,
				"x": 778,
				"y": 1193
			},
			"rotated": false,
			"spriteSourceSize": {
				"h": 76,
				"w": 67,
				"x": 2,
				"y": 2
			},
			"sourceSize": {
				"h": 78,
				"w": 69
			},
			"trimmed": true
		},
		"./fxStoneDeb1": {
			"frame": {
				"h": 81,
				"w": 75,
				"x": 699,
				"y": 1113
			},
			"rotated": false,
			"spriteSourceSize": {
				"h": 81,
				"w": 75,
				"x": 2,
				"y": 2
			},
			"sourceSize": {
				"h": 83,
				"w": 77
			},
			"trimmed": true
		},
		"./fxStoneDeb2": {
			"frame": {
				"h": 57,
				"w": 71,
				"x": 617,
				"y": 1213
			},
			"rotated": false,
			"spriteSourceSize": {
				"h": 57,
				"w": 71,
				"x": 2,
				"y": 2
			},
			"sourceSize": {
				"h": 60,
				"w": 73
			},
			"trimmed": true
		},
		"./fxStoneDeb3": {
			"frame": {
				"h": 88,
				"w": 83,
				"x": 316,
				"y": 1155
			},
			"rotated": false,
			"spriteSourceSize": {
				"h": 88,
				"w": 83,
				"x": 2,
				"y": 2
			},
			"sourceSize": {
				"h": 90,
				"w": 85
			},
			"trimmed": true
		},
		"./galoCircle": {
			"frame": {
				"h": 127,
				"w": 128,
				"x": 396,
				"y": 471
			},
			"rotated": false,
			"spriteSourceSize": {
				"h": 127,
				"w": 128,
				"x": 0,
				"y": 1
			},
			"sourceSize": {
				"h": 128,
				"w": 128
			},
			"trimmed": true
		},
		"./galoRay": {
			"frame": {
				"h": 512,
				"w": 128,
				"x": 4,
				"y": 4
			},
			"rotated": false,
			"spriteSourceSize": {
				"h": 512,
				"w": 128,
				"x": 0,
				"y": 0
			},
			"sourceSize": {
				"h": 512,
				"w": 128
			},
			"trimmed": false
		},
		"./gradBG": {
			"frame": {
				"h": 8,
				"w": 128,
				"x": 1160,
				"y": 284
			},
			"rotated": false,
			"spriteSourceSize": {
				"h": 8,
				"w": 128,
				"x": 0,
				"y": 0
			},
			"sourceSize": {
				"h": 8,
				"w": 128
			},
			"trimmed": false
		},
		"./gradEdges": {
			"frame": {
				"h": 128,
				"w": 128,
				"x": 4,
				"y": 520
			},
			"rotated": false,
			"spriteSourceSize": {
				"h": 128,
				"w": 128,
				"x": 0,
				"y": 0
			},
			"sourceSize": {
				"h": 128,
				"w": 128
			},
			"trimmed": false
		},
		"./greySpot": {
			"frame": {
				"h": 100,
				"w": 100,
				"x": 4,
				"y": 912
			},
			"rotated": false,
			"spriteSourceSize": {
				"h": 100,
				"w": 100,
				"x": 0,
				"y": 0
			},
			"sourceSize": {
				"h": 100,
				"w": 100
			},
			"trimmed": false
		},
		"./greySpot2": {
			"frame": {
				"h": 87,
				"w": 88,
				"x": 729,
				"y": 918
			},
			"rotated": false,
			"spriteSourceSize": {
				"h": 87,
				"w": 88,
				"x": 6,
				"y": 7
			},
			"sourceSize": {
				"h": 100,
				"w": 100
			},
			"trimmed": true
		},
		"./hintHalo": {
			"frame": {
				"h": 126,
				"w": 128,
				"x": 610,
				"y": 266
			},
			"rotated": false,
			"spriteSourceSize": {
				"h": 126,
				"w": 128,
				"x": 0,
				"y": 2
			},
			"sourceSize": {
				"h": 128,
				"w": 128
			},
			"trimmed": true
		},
		"./next_ico": {
			"frame": {
				"h": 59,
				"w": 66,
				"x": 1185,
				"y": 1093
			},
			"rotated": false,
			"spriteSourceSize": {
				"h": 59,
				"w": 66,
				"x": 15,
				"y": 23
			},
			"sourceSize": {
				"h": 100,
				"w": 100
			},
			"trimmed": true
		},
		"./optButtonsIco0001": {
			"frame": {
				"h": 80,
				"w": 58,
				"x": 1237,
				"y": 784
			},
			"rotated": false,
			"spriteSourceSize": {
				"h": 80,
				"w": 58,
				"x": 16,
				"y": 7
			},
			"sourceSize": {
				"h": 90,
				"w": 90
			},
			"trimmed": true
		},
		"./optButtonsIco0002": {
			"frame": {
				"h": 80,
				"w": 58,
				"x": 1236,
				"y": 471
			},
			"rotated": false,
			"spriteSourceSize": {
				"h": 80,
				"w": 58,
				"x": 16,
				"y": 7
			},
			"sourceSize": {
				"h": 90,
				"w": 90
			},
			"trimmed": true
		},
		"./optButtonsIco0003": {
			"frame": {
				"h": 80,
				"w": 58,
				"x": 917,
				"y": 1173
			},
			"rotated": false,
			"spriteSourceSize": {
				"h": 80,
				"w": 58,
				"x": 16,
				"y": 7
			},
			"sourceSize": {
				"h": 90,
				"w": 90
			},
			"trimmed": true
		},
		"./optButtonsIco0004": {
			"frame": {
				"h": 80,
				"w": 58,
				"x": 1055,
				"y": 1093
			},
			"rotated": false,
			"spriteSourceSize": {
				"h": 80,
				"w": 58,
				"x": 16,
				"y": 7
			},
			"sourceSize": {
				"h": 90,
				"w": 90
			},
			"trimmed": true
		},
		"./optButtonsIco0005": {
			"frame": {
				"h": 76,
				"w": 64,
				"x": 917,
				"y": 1093
			},
			"rotated": false,
			"spriteSourceSize": {
				"h": 76,
				"w": 64,
				"x": 15,
				"y": 11
			},
			"sourceSize": {
				"h": 90,
				"w": 90
			},
			"trimmed": true
		},
		"./optButtonsIco0006": {
			"frame": {
				"h": 76,
				"w": 60,
				"x": 1159,
				"y": 989
			},
			"rotated": false,
			"spriteSourceSize": {
				"h": 76,
				"w": 60,
				"x": 14,
				"y": 11
			},
			"sourceSize": {
				"h": 90,
				"w": 90
			},
			"trimmed": true
		},
		"./optButtonsIco0007": {
			"frame": {
				"h": 76,
				"w": 60,
				"x": 979,
				"y": 1173
			},
			"rotated": false,
			"spriteSourceSize": {
				"h": 76,
				"w": 60,
				"x": 14,
				"y": 11
			},
			"sourceSize": {
				"h": 90,
				"w": 90
			},
			"trimmed": true
		},
		"./optButtonsIco0008": {
			"frame": {
				"h": 76,
				"w": 62,
				"x": 1175,
				"y": 909
			},
			"rotated": false,
			"spriteSourceSize": {
				"h": 76,
				"w": 62,
				"x": 14,
				"y": 11
			},
			"sourceSize": {
				"h": 90,
				"w": 90
			},
			"trimmed": true
		},
		"./optButtonsIco0009": {
			"frame": {
				"h": 72,
				"w": 66,
				"x": 1089,
				"y": 989
			},
			"rotated": false,
			"spriteSourceSize": {
				"h": 72,
				"w": 66,
				"x": 12,
				"y": 15
			},
			"sourceSize": {
				"h": 90,
				"w": 90
			},
			"trimmed": true
		},
		"./optButtonsIco0010": {
			"frame": {
				"h": 72,
				"w": 66,
				"x": 985,
				"y": 1093
			},
			"rotated": false,
			"spriteSourceSize": {
				"h": 72,
				"w": 66,
				"x": 12,
				"y": 15
			},
			"sourceSize": {
				"h": 90,
				"w": 90
			},
			"trimmed": true
		},
		"./optButtonsIco0011": {
			"frame": {
				"h": 62,
				"w": 58,
				"x": 1131,
				"y": 1177
			},
			"rotated": false,
			"spriteSourceSize": {
				"h": 62,
				"w": 58,
				"x": 16,
				"y": 14
			},
			"sourceSize": {
				"h": 90,
				"w": 90
			},
			"trimmed": true
		},
		"./prop_0_animals": {
			"frame": {
				"h": 94,
				"w": 78,
				"x": 617,
				"y": 1014
			},
			"rotated": false,
			"spriteSourceSize": {
				"h": 94,
				"w": 78,
				"x": 27,
				"y": 18
			},
			"sourceSize": {
				"h": 128,
				"w": 128
			},
			"trimmed": true
		},
		"./prop_0_art": {
			"frame": {
				"h": 87,
				"w": 88,
				"x": 927,
				"y": 705
			},
			"rotated": false,
			"spriteSourceSize": {
				"h": 87,
				"w": 88,
				"x": 22,
				"y": 23
			},
			"sourceSize": {
				"h": 128,
				"w": 128
			},
			"trimmed": true
		},
		"./prop_0_fruits": {
			"frame": {
				"h": 106,
				"w": 92,
				"x": 496,
				"y": 844
			},
			"rotated": false,
			"spriteSourceSize": {
				"h": 106,
				"w": 92,
				"x": 20,
				"y": 13
			},
			"sourceSize": {
				"h": 128,
				"w": 128
			},
			"trimmed": true
		},
		"./prop_0_geometry": {
			"frame": {
				"h": 84,
				"w": 96,
				"x": 316,
				"y": 1067
			},
			"rotated": false,
			"spriteSourceSize": {
				"h": 84,
				"w": 96,
				"x": 18,
				"y": 25
			},
			"sourceSize": {
				"h": 128,
				"w": 128
			},
			"trimmed": true
		},
		"./prop_0_home": {
			"frame": {
				"h": 59,
				"w": 84,
				"x": 856,
				"y": 403
			},
			"rotated": false,
			"spriteSourceSize": {
				"h": 59,
				"w": 84,
				"x": 30,
				"y": 40
			},
			"sourceSize": {
				"h": 128,
				"w": 128
			},
			"trimmed": true
		},
		"./prop_0_music": {
			"frame": {
				"h": 104,
				"w": 104,
				"x": 866,
				"y": 4
			},
			"rotated": false,
			"spriteSourceSize": {
				"h": 104,
				"w": 104,
				"x": 14,
				"y": 15
			},
			"sourceSize": {
				"h": 128,
				"w": 128
			},
			"trimmed": true
		},
		"./prop_0_nature": {
			"frame": {
				"h": 96,
				"w": 96,
				"x": 396,
				"y": 952
			},
			"rotated": false,
			"spriteSourceSize": {
				"h": 96,
				"w": 96,
				"x": 14,
				"y": 15
			},
			"sourceSize": {
				"h": 128,
				"w": 128
			},
			"trimmed": true
		},
		"./prop_0_sea": {
			"frame": {
				"h": 92,
				"w": 102,
				"x": 956,
				"y": 346
			},
			"rotated": false,
			"spriteSourceSize": {
				"h": 92,
				"w": 102,
				"x": 15,
				"y": 21
			},
			"sourceSize": {
				"h": 128,
				"w": 128
			},
			"trimmed": true
		},
		"./prop_0_space": {
			"frame": {
				"h": 87,
				"w": 86,
				"x": 1176,
				"y": 4
			},
			"rotated": false,
			"spriteSourceSize": {
				"h": 87,
				"w": 86,
				"x": 23,
				"y": 23
			},
			"sourceSize": {
				"h": 128,
				"w": 128
			},
			"trimmed": true
		},
		"./prop_0_toys": {
			"frame": {
				"h": 68,
				"w": 102,
				"x": 1080,
				"y": 581
			},
			"rotated": false,
			"spriteSourceSize": {
				"h": 68,
				"w": 102,
				"x": 15,
				"y": 33
			},
			"sourceSize": {
				"h": 128,
				"w": 128
			},
			"trimmed": true
		},
		"./prop_1_animals": {
			"frame": {
				"h": 77,
				"w": 80,
				"x": 1186,
				"y": 385
			},
			"rotated": false,
			"spriteSourceSize": {
				"h": 77,
				"w": 80,
				"x": 26,
				"y": 32
			},
			"sourceSize": {
				"h": 128,
				"w": 128
			},
			"trimmed": true
		},
		"./prop_1_art": {
			"frame": {
				"h": 88,
				"w": 72,
				"x": 500,
				"y": 1155
			},
			"rotated": false,
			"spriteSourceSize": {
				"h": 88,
				"w": 72,
				"x": 30,
				"y": 23
			},
			"sourceSize": {
				"h": 128,
				"w": 128
			},
			"trimmed": true
		},
		"./prop_1_fruits": {
			"frame": {
				"h": 90,
				"w": 86,
				"x": 825,
				"y": 798
			},
			"rotated": false,
			"spriteSourceSize": {
				"h": 90,
				"w": 86,
				"x": 23,
				"y": 20
			},
			"sourceSize": {
				"h": 128,
				"w": 128
			},
			"trimmed": true
		},
		"./prop_1_geometry": {
			"frame": {
				"h": 100,
				"w": 86,
				"x": 226,
				"y": 1067
			},
			"rotated": false,
			"spriteSourceSize": {
				"h": 100,
				"w": 86,
				"x": 23,
				"y": 17
			},
			"sourceSize": {
				"h": 128,
				"w": 128
			},
			"trimmed": true
		},
		"./prop_1_home": {
			"frame": {
				"h": 101,
				"w": 96,
				"x": 974,
				"y": 110
			},
			"rotated": false,
			"spriteSourceSize": {
				"h": 101,
				"w": 96,
				"x": 17,
				"y": 13
			},
			"sourceSize": {
				"h": 128,
				"w": 128
			},
			"trimmed": true
		},
		"./prop_1_music": {
			"frame": {
				"h": 106,
				"w": 102,
				"x": 268,
				"y": 839
			},
			"rotated": false,
			"spriteSourceSize": {
				"h": 106,
				"w": 102,
				"x": 20,
				"y": 13
			},
			"sourceSize": {
				"h": 128,
				"w": 128
			},
			"trimmed": true
		},
		"./prop_1_nature": {
			"frame": {
				"h": 103,
				"w": 90,
				"x": 4,
				"y": 1016
			},
			"rotated": false,
			"spriteSourceSize": {
				"h": 103,
				"w": 90,
				"x": 21,
				"y": 15
			},
			"sourceSize": {
				"h": 128,
				"w": 128
			},
			"trimmed": true
		},
		"./prop_1_sea": {
			"frame": {
				"h": 91,
				"w": 92,
				"x": 984,
				"y": 471
			},
			"rotated": false,
			"spriteSourceSize": {
				"h": 91,
				"w": 92,
				"x": 20,
				"y": 21
			},
			"sourceSize": {
				"h": 128,
				"w": 128
			},
			"trimmed": true
		},
		"./prop_1_space": {
			"frame": {
				"h": 76,
				"w": 76,
				"x": 1019,
				"y": 909
			},
			"rotated": false,
			"spriteSourceSize": {
				"h": 76,
				"w": 76,
				"x": 28,
				"y": 29
			},
			"sourceSize": {
				"h": 128,
				"w": 128
			},
			"trimmed": true
		},
		"./prop_1_toys": {
			"frame": {
				"h": 95,
				"w": 72,
				"x": 699,
				"y": 1014
			},
			"rotated": false,
			"spriteSourceSize": {
				"h": 95,
				"w": 72,
				"x": 28,
				"y": 17
			},
			"sourceSize": {
				"h": 128,
				"w": 128
			},
			"trimmed": true
		},
		"./prop_2_animals": {
			"frame": {
				"h": 95,
				"w": 96,
				"x": 496,
				"y": 954
			},
			"rotated": false,
			"spriteSourceSize": {
				"h": 95,
				"w": 96,
				"x": 19,
				"y": 19
			},
			"sourceSize": {
				"h": 128,
				"w": 128
			},
			"trimmed": true
		},
		"./prop_2_art": {
			"frame": {
				"h": 92,
				"w": 108,
				"x": 617,
				"y": 705
			},
			"rotated": false,
			"spriteSourceSize": {
				"h": 92,
				"w": 108,
				"x": 5,
				"y": 17
			},
			"sourceSize": {
				"h": 128,
				"w": 128
			},
			"trimmed": true
		},
		"./prop_2_fruits": {
			"frame": {
				"h": 80,
				"w": 66,
				"x": 1019,
				"y": 989
			},
			"rotated": false,
			"spriteSourceSize": {
				"h": 80,
				"w": 66,
				"x": 33,
				"y": 26
			},
			"sourceSize": {
				"h": 128,
				"w": 128
			},
			"trimmed": true
		},
		"./prop_2_geometry": {
			"frame": {
				"h": 40,
				"w": 98,
				"x": 878,
				"y": 656
			},
			"rotated": false,
			"spriteSourceSize": {
				"h": 40,
				"w": 98,
				"x": 17,
				"y": 47
			},
			"sourceSize": {
				"h": 128,
				"w": 128
			},
			"trimmed": true
		},
		"./prop_2_home": {
			"frame": {
				"h": 106,
				"w": 58,
				"x": 1019,
				"y": 799
			},
			"rotated": false,
			"spriteSourceSize": {
				"h": 106,
				"w": 58,
				"x": 42,
				"y": 14
			},
			"sourceSize": {
				"h": 128,
				"w": 128
			},
			"trimmed": true
		},
		"./prop_2_music": {
			"frame": {
				"h": 106,
				"w": 70,
				"x": 1080,
				"y": 471
			},
			"rotated": false,
			"spriteSourceSize": {
				"h": 106,
				"w": 70,
				"x": 31,
				"y": 14
			},
			"sourceSize": {
				"h": 128,
				"w": 128
			},
			"trimmed": true
		},
		"./prop_2_nature": {
			"frame": {
				"h": 104,
				"w": 96,
				"x": 396,
				"y": 844
			},
			"rotated": false,
			"spriteSourceSize": {
				"h": 104,
				"w": 96,
				"x": 24,
				"y": 17
			},
			"sourceSize": {
				"h": 128,
				"w": 128
			},
			"trimmed": true
		},
		"./prop_2_sea": {
			"frame": {
				"h": 85,
				"w": 72,
				"x": 1097,
				"y": 705
			},
			"rotated": false,
			"spriteSourceSize": {
				"h": 85,
				"w": 72,
				"x": 34,
				"y": 27
			},
			"sourceSize": {
				"h": 128,
				"w": 128
			},
			"trimmed": true
		},
		"./prop_2_space": {
			"frame": {
				"h": 73,
				"w": 72,
				"x": 699,
				"y": 1198
			},
			"rotated": false,
			"spriteSourceSize": {
				"h": 73,
				"w": 72,
				"x": 30,
				"y": 30
			},
			"sourceSize": {
				"h": 128,
				"w": 128
			},
			"trimmed": true
		},
		"./prop_2_toys": {
			"frame": {
				"h": 91,
				"w": 84,
				"x": 1160,
				"y": 189
			},
			"rotated": false,
			"spriteSourceSize": {
				"h": 91,
				"w": 84,
				"x": 24,
				"y": 21
			},
			"sourceSize": {
				"h": 128,
				"w": 128
			},
			"trimmed": true
		},
		"./prop_3_animals": {
			"frame": {
				"h": 73,
				"w": 82,
				"x": 1081,
				"y": 799
			},
			"rotated": false,
			"spriteSourceSize": {
				"h": 73,
				"w": 82,
				"x": 26,
				"y": 29
			},
			"sourceSize": {
				"h": 128,
				"w": 128
			},
			"trimmed": true
		},
		"./prop_3_art": {
			"frame": {
				"h": 94,
				"w": 70,
				"x": 416,
				"y": 1168
			},
			"rotated": false,
			"spriteSourceSize": {
				"h": 94,
				"w": 70,
				"x": 31,
				"y": 20
			},
			"sourceSize": {
				"h": 128,
				"w": 128
			},
			"trimmed": true
		},
		"./prop_3_fruits": {
			"frame": {
				"h": 69,
				"w": 108,
				"x": 1074,
				"y": 385
			},
			"rotated": false,
			"spriteSourceSize": {
				"h": 69,
				"w": 108,
				"x": 12,
				"y": 32
			},
			"sourceSize": {
				"h": 128,
				"w": 128
			},
			"trimmed": true
		},
		"./prop_3_geometry": {
			"frame": {
				"h": 98,
				"w": 98,
				"x": 956,
				"y": 244
			},
			"rotated": false,
			"spriteSourceSize": {
				"h": 98,
				"w": 98,
				"x": 17,
				"y": 18
			},
			"sourceSize": {
				"h": 128,
				"w": 128
			},
			"trimmed": true
		},
		"./prop_3_home": {
			"frame": {
				"h": 83,
				"w": 96,
				"x": 1074,
				"y": 298
			},
			"rotated": false,
			"spriteSourceSize": {
				"h": 83,
				"w": 96,
				"x": 18,
				"y": 25
			},
			"sourceSize": {
				"h": 128,
				"w": 128
			},
			"trimmed": true
		},
		"./prop_3_music": {
			"frame": {
				"h": 101,
				"w": 80,
				"x": 617,
				"y": 909
			},
			"rotated": false,
			"spriteSourceSize": {
				"h": 101,
				"w": 80,
				"x": 26,
				"y": 16
			},
			"sourceSize": {
				"h": 128,
				"w": 128
			},
			"trimmed": true
		},
		"./prop_3_nature": {
			"frame": {
				"h": 108,
				"w": 98,
				"x": 872,
				"y": 128
			},
			"rotated": false,
			"spriteSourceSize": {
				"h": 108,
				"w": 98,
				"x": 17,
				"y": 13
			},
			"sourceSize": {
				"h": 128,
				"w": 128
			},
			"trimmed": true
		},
		"./prop_3_sea": {
			"frame": {
				"h": 96,
				"w": 74,
				"x": 915,
				"y": 798
			},
			"rotated": false,
			"spriteSourceSize": {
				"h": 96,
				"w": 74,
				"x": 29,
				"y": 19
			},
			"sourceSize": {
				"h": 128,
				"w": 128
			},
			"trimmed": true
		},
		"./prop_3_space": {
			"frame": {
				"h": 104,
				"w": 92,
				"x": 617,
				"y": 801
			},
			"rotated": false,
			"spriteSourceSize": {
				"h": 104,
				"w": 92,
				"x": 20,
				"y": 20
			},
			"sourceSize": {
				"h": 128,
				"w": 128
			},
			"trimmed": true
		},
		"./prop_3_toys": {
			"frame": {
				"h": 83,
				"w": 110,
				"x": 878,
				"y": 569
			},
			"rotated": false,
			"spriteSourceSize": {
				"h": 83,
				"w": 110,
				"x": 11,
				"y": 25
			},
			"sourceSize": {
				"h": 128,
				"w": 128
			},
			"trimmed": true
		},
		"./prop_4_animals": {
			"frame": {
				"h": 100,
				"w": 70,
				"x": 825,
				"y": 892
			},
			"rotated": false,
			"spriteSourceSize": {
				"h": 100,
				"w": 70,
				"x": 31,
				"y": 16
			},
			"sourceSize": {
				"h": 128,
				"w": 128
			},
			"trimmed": true
		},
		"./prop_4_art": {
			"frame": {
				"h": 103,
				"w": 86,
				"x": 136,
				"y": 1067
			},
			"rotated": false,
			"spriteSourceSize": {
				"h": 103,
				"w": 86,
				"x": 17,
				"y": 15
			},
			"sourceSize": {
				"h": 128,
				"w": 128
			},
			"trimmed": true
		},
		"./prop_4_fruits": {
			"frame": {
				"h": 84,
				"w": 78,
				"x": 1154,
				"y": 471
			},
			"rotated": false,
			"spriteSourceSize": {
				"h": 84,
				"w": 78,
				"x": 28,
				"y": 23
			},
			"sourceSize": {
				"h": 128,
				"w": 128
			},
			"trimmed": true
		},
		"./prop_4_geometry": {
			"frame": {
				"h": 61,
				"w": 98,
				"x": 1186,
				"y": 581
			},
			"rotated": false,
			"spriteSourceSize": {
				"h": 61,
				"w": 98,
				"x": 17,
				"y": 36
			},
			"sourceSize": {
				"h": 128,
				"w": 128
			},
			"trimmed": true
		},
		"./prop_4_home": {
			"frame": {
				"h": 61,
				"w": 120,
				"x": 136,
				"y": 1174
			},
			"rotated": false,
			"spriteSourceSize": {
				"h": 61,
				"w": 120,
				"x": 6,
				"y": 39
			},
			"sourceSize": {
				"h": 128,
				"w": 128
			},
			"trimmed": true
		},
		"./prop_4_music": {
			"frame": {
				"h": 101,
				"w": 98,
				"x": 766,
				"y": 587
			},
			"rotated": false,
			"spriteSourceSize": {
				"h": 101,
				"w": 98,
				"x": 17,
				"y": 16
			},
			"sourceSize": {
				"h": 128,
				"w": 128
			},
			"trimmed": true
		},
		"./prop_4_nature": {
			"frame": {
				"h": 70,
				"w": 104,
				"x": 1180,
				"y": 99
			},
			"rotated": false,
			"spriteSourceSize": {
				"h": 70,
				"w": 104,
				"x": 14,
				"y": 32
			},
			"sourceSize": {
				"h": 128,
				"w": 128
			},
			"trimmed": true
		},
		"./prop_4_sea": {
			"frame": {
				"h": 97,
				"w": 80,
				"x": 416,
				"y": 1067
			},
			"rotated": false,
			"spriteSourceSize": {
				"h": 97,
				"w": 80,
				"x": 23,
				"y": 19
			},
			"sourceSize": {
				"h": 128,
				"w": 128
			},
			"trimmed": true
		},
		"./prop_4_space": {
			"frame": {
				"h": 83,
				"w": 84,
				"x": 1174,
				"y": 298
			},
			"rotated": false,
			"spriteSourceSize": {
				"h": 83,
				"w": 84,
				"x": 24,
				"y": 25
			},
			"sourceSize": {
				"h": 128,
				"w": 128
			},
			"trimmed": true
		},
		"./prop_4_toys": {
			"frame": {
				"h": 90,
				"w": 74,
				"x": 1019,
				"y": 705
			},
			"rotated": false,
			"spriteSourceSize": {
				"h": 90,
				"w": 74,
				"x": 31,
				"y": 21
			},
			"sourceSize": {
				"h": 128,
				"w": 128
			},
			"trimmed": true
		},
		"./prop_5_animals": {
			"frame": {
				"h": 90,
				"w": 60,
				"x": 1173,
				"y": 784
			},
			"rotated": false,
			"spriteSourceSize": {
				"h": 90,
				"w": 60,
				"x": 36,
				"y": 22
			},
			"sourceSize": {
				"h": 128,
				"w": 128
			},
			"trimmed": true
		},
		"./prop_5_art": {
			"frame": {
				"h": 97,
				"w": 64,
				"x": 617,
				"y": 1112
			},
			"rotated": false,
			"spriteSourceSize": {
				"h": 97,
				"w": 64,
				"x": 34,
				"y": 18
			},
			"sourceSize": {
				"h": 128,
				"w": 128
			},
			"trimmed": true
		},
		"./prop_5_fruits": {
			"frame": {
				"h": 86,
				"w": 102,
				"x": 1074,
				"y": 99
			},
			"rotated": false,
			"spriteSourceSize": {
				"h": 86,
				"w": 102,
				"x": 19,
				"y": 18
			},
			"sourceSize": {
				"h": 128,
				"w": 128
			},
			"trimmed": true
		},
		"./prop_5_geometry": {
			"frame": {
				"h": 97,
				"w": 80,
				"x": 992,
				"y": 569
			},
			"rotated": false,
			"spriteSourceSize": {
				"h": 97,
				"w": 80,
				"x": 26,
				"y": 18
			},
			"sourceSize": {
				"h": 128,
				"w": 128
			},
			"trimmed": true
		},
		"./prop_5_home": {
			"frame": {
				"h": 104,
				"w": 92,
				"x": 729,
				"y": 705
			},
			"rotated": false,
			"spriteSourceSize": {
				"h": 104,
				"w": 92,
				"x": 20,
				"y": 15
			},
			"sourceSize": {
				"h": 128,
				"w": 128
			},
			"trimmed": true
		},
		"./prop_5_music": {
			"frame": {
				"h": 100,
				"w": 98,
				"x": 136,
				"y": 963
			},
			"rotated": false,
			"spriteSourceSize": {
				"h": 100,
				"w": 98,
				"x": 20,
				"y": 15
			},
			"sourceSize": {
				"h": 128,
				"w": 128
			},
			"trimmed": true
		},
		"./prop_5_nature": {
			"frame": {
				"h": 108,
				"w": 50,
				"x": 858,
				"y": 1113
			},
			"rotated": false,
			"spriteSourceSize": {
				"h": 108,
				"w": 50,
				"x": 41,
				"y": 0
			},
			"sourceSize": {
				"h": 128,
				"w": 128
			},
			"trimmed": true
		},
		"./prop_5_sea": {
			"frame": {
				"h": 94,
				"w": 84,
				"x": 4,
				"y": 1123
			},
			"rotated": false,
			"spriteSourceSize": {
				"h": 94,
				"w": 84,
				"x": 22,
				"y": 17
			},
			"sourceSize": {
				"h": 128,
				"w": 128
			},
			"trimmed": true
		},
		"./prop_5_space": {
			"frame": {
				"h": 47,
				"w": 94,
				"x": 850,
				"y": 351
			},
			"rotated": false,
			"spriteSourceSize": {
				"h": 47,
				"w": 94,
				"x": 19,
				"y": 43
			},
			"sourceSize": {
				"h": 128,
				"w": 128
			},
			"trimmed": true
		},
		"./prop_5_toys": {
			"frame": {
				"h": 110,
				"w": 88,
				"x": 268,
				"y": 949
			},
			"rotated": false,
			"spriteSourceSize": {
				"h": 110,
				"w": 88,
				"x": 20,
				"y": 14
			},
			"sourceSize": {
				"h": 128,
				"w": 128
			},
			"trimmed": true
		},
		"./prop_6_animals": {
			"frame": {
				"h": 101,
				"w": 84,
				"x": 729,
				"y": 813
			},
			"rotated": false,
			"spriteSourceSize": {
				"h": 101,
				"w": 84,
				"x": 25,
				"y": 16
			},
			"sourceSize": {
				"h": 128,
				"w": 128
			},
			"trimmed": true
		},
		"./prop_6_art": {
			"frame": {
				"h": 99,
				"w": 50,
				"x": 260,
				"y": 1174
			},
			"rotated": false,
			"spriteSourceSize": {
				"h": 99,
				"w": 50,
				"x": 41,
				"y": 17
			},
			"sourceSize": {
				"h": 128,
				"w": 128
			},
			"trimmed": true
		},
		"./prop_6_fruits": {
			"frame": {
				"h": 103,
				"w": 100,
				"x": 774,
				"y": 471
			},
			"rotated": false,
			"spriteSourceSize": {
				"h": 103,
				"w": 100,
				"x": 16,
				"y": 15
			},
			"sourceSize": {
				"h": 128,
				"w": 128
			},
			"trimmed": true
		},
		"./prop_6_geometry": {
			"frame": {
				"h": 91,
				"w": 98,
				"x": 1074,
				"y": 4
			},
			"rotated": false,
			"spriteSourceSize": {
				"h": 91,
				"w": 98,
				"x": 17,
				"y": 21
			},
			"sourceSize": {
				"h": 128,
				"w": 128
			},
			"trimmed": true
		},
		"./prop_6_home": {
			"frame": {
				"h": 84,
				"w": 88,
				"x": 500,
				"y": 1067
			},
			"rotated": false,
			"spriteSourceSize": {
				"h": 84,
				"w": 88,
				"x": 22,
				"y": 25
			},
			"sourceSize": {
				"h": 128,
				"w": 128
			},
			"trimmed": true
		},
		"./prop_6_music": {
			"frame": {
				"h": 103,
				"w": 102,
				"x": 850,
				"y": 244
			},
			"rotated": false,
			"spriteSourceSize": {
				"h": 103,
				"w": 102,
				"x": 15,
				"y": 15
			},
			"sourceSize": {
				"h": 128,
				"w": 128
			},
			"trimmed": true
		},
		"./prop_6_nature": {
			"frame": {
				"h": 94,
				"w": 102,
				"x": 878,
				"y": 471
			},
			"rotated": false,
			"spriteSourceSize": {
				"h": 94,
				"w": 102,
				"x": 15,
				"y": 20
			},
			"sourceSize": {
				"h": 128,
				"w": 128
			},
			"trimmed": true
		},
		"./prop_6_sea": {
			"frame": {
				"h": 105,
				"w": 82,
				"x": 1074,
				"y": 189
			},
			"rotated": false,
			"spriteSourceSize": {
				"h": 105,
				"w": 82,
				"x": 25,
				"y": 12
			},
			"sourceSize": {
				"h": 128,
				"w": 128
			},
			"trimmed": true
		},
		"./prop_6_space": {
			"frame": {
				"h": 68,
				"w": 72,
				"x": 1099,
				"y": 909
			},
			"rotated": false,
			"spriteSourceSize": {
				"h": 68,
				"w": 72,
				"x": 29,
				"y": 31
			},
			"sourceSize": {
				"h": 128,
				"w": 128
			},
			"trimmed": true
		},
		"./prop_6_toys": {
			"frame": {
				"h": 103,
				"w": 60,
				"x": 915,
				"y": 898
			},
			"rotated": false,
			"spriteSourceSize": {
				"h": 103,
				"w": 60,
				"x": 36,
				"y": 15
			},
			"sourceSize": {
				"h": 128,
				"w": 128
			},
			"trimmed": true
		},
		"./prop_heart": {
			"frame": {
				"h": 89,
				"w": 98,
				"x": 825,
				"y": 705
			},
			"rotated": false,
			"spriteSourceSize": {
				"h": 89,
				"w": 98,
				"x": 17,
				"y": 19
			},
			"sourceSize": {
				"h": 128,
				"w": 128
			},
			"trimmed": true
		},
		"./restart_ico": {
			"frame": {
				"h": 69,
				"w": 60,
				"x": 330,
				"y": 637
			},
			"rotated": false,
			"spriteSourceSize": {
				"h": 69,
				"w": 60,
				"x": 21,
				"y": 16
			},
			"sourceSize": {
				"h": 100,
				"w": 100
			},
			"trimmed": true
		},
		"./roundStar": {
			"frame": {
				"h": 182,
				"w": 190,
				"x": 136,
				"y": 524
			},
			"rotated": false,
			"spriteSourceSize": {
				"h": 182,
				"w": 190,
				"x": 5,
				"y": 9
			},
			"sourceSize": {
				"h": 200,
				"w": 200
			},
			"trimmed": true
		},
		"./roundStarGrey": {
			"frame": {
				"h": 182,
				"w": 190,
				"x": 396,
				"y": 217
			},
			"rotated": false,
			"spriteSourceSize": {
				"h": 182,
				"w": 190,
				"x": 5,
				"y": 9
			},
			"sourceSize": {
				"h": 200,
				"w": 200
			},
			"trimmed": true
		},
		"./selItem": {
			"frame": {
				"h": 120,
				"w": 120,
				"x": 742,
				"y": 4
			},
			"rotated": false,
			"spriteSourceSize": {
				"h": 120,
				"w": 120,
				"x": 0,
				"y": 0
			},
			"sourceSize": {
				"h": 120,
				"w": 120
			},
			"trimmed": false
		},
		"./selectLine": {
			"frame": {
				"h": 64,
				"w": 256,
				"x": 396,
				"y": 403
			},
			"rotated": false,
			"spriteSourceSize": {
				"h": 64,
				"w": 256,
				"x": 0,
				"y": 0
			},
			"sourceSize": {
				"h": 64,
				"w": 256
			},
			"trimmed": false
		},
		"./selector": {
			"frame": {
				"h": 209,
				"w": 210,
				"x": 396,
				"y": 4
			},
			"rotated": false,
			"spriteSourceSize": {
				"h": 209,
				"w": 210,
				"x": 23,
				"y": 31
			},
			"sourceSize": {
				"h": 256,
				"w": 256
			},
			"trimmed": true
		},
		"./selectorSpecial": {
			"frame": {
				"h": 63,
				"w": 64,
				"x": 1223,
				"y": 989
			},
			"rotated": false,
			"spriteSourceSize": {
				"h": 63,
				"w": 64,
				"x": 0,
				"y": 1
			},
			"sourceSize": {
				"h": 64,
				"w": 64
			},
			"trimmed": true
		},
		"./sep": {
			"frame": {
				"h": 4,
				"w": 128,
				"x": 658,
				"y": 694
			},
			"rotated": false,
			"spriteSourceSize": {
				"h": 4,
				"w": 128,
				"x": 0,
				"y": 0
			},
			"sourceSize": {
				"h": 4,
				"w": 128
			},
			"trimmed": false
		},
		"./sparkleGlow": {
			"frame": {
				"h": 256,
				"w": 256,
				"x": 136,
				"y": 4
			},
			"rotated": false,
			"spriteSourceSize": {
				"h": 256,
				"w": 256,
				"x": 0,
				"y": 0
			},
			"sourceSize": {
				"h": 256,
				"w": 256
			},
			"trimmed": false
		},
		"./spec_bomb": {
			"frame": {
				"h": 112,
				"w": 112,
				"x": 658,
				"y": 471
			},
			"rotated": false,
			"spriteSourceSize": {
				"h": 112,
				"w": 112,
				"x": 9,
				"y": 7
			},
			"sourceSize": {
				"h": 128,
				"w": 128
			},
			"trimmed": true
		},
		"./spec_chest": {
			"frame": {
				"h": 106,
				"w": 112,
				"x": 396,
				"y": 734
			},
			"rotated": false,
			"spriteSourceSize": {
				"h": 106,
				"w": 112,
				"x": 10,
				"y": 17
			},
			"sourceSize": {
				"h": 128,
				"w": 128
			},
			"trimmed": true
		},
		"./spec_chest_opened": {
			"frame": {
				"h": 128,
				"w": 122,
				"x": 396,
				"y": 602
			},
			"rotated": false,
			"spriteSourceSize": {
				"h": 128,
				"w": 122,
				"x": 3,
				"y": 0
			},
			"sourceSize": {
				"h": 128,
				"w": 128
			},
			"trimmed": true
		},
		"./spec_dice": {
			"frame": {
				"h": 102,
				"w": 96,
				"x": 974,
				"y": 4
			},
			"rotated": false,
			"spriteSourceSize": {
				"h": 102,
				"w": 96,
				"x": 16,
				"y": 21
			},
			"sourceSize": {
				"h": 128,
				"w": 128
			},
			"trimmed": true
		},
		"./spec_heart": {
			"frame": {
				"h": 103,
				"w": 104,
				"x": 658,
				"y": 587
			},
			"rotated": false,
			"spriteSourceSize": {
				"h": 103,
				"w": 104,
				"x": 14,
				"y": 14
			},
			"sourceSize": {
				"h": 128,
				"w": 128
			},
			"trimmed": true
		},
		"./spec_mirror": {
			"frame": {
				"h": 124,
				"w": 94,
				"x": 136,
				"y": 835
			},
			"rotated": false,
			"spriteSourceSize": {
				"h": 124,
				"w": 94,
				"x": 19,
				"y": 4
			},
			"sourceSize": {
				"h": 128,
				"w": 128
			},
			"trimmed": true
		},
		"./spec_rainbow": {
			"frame": {
				"h": 99,
				"w": 128,
				"x": 522,
				"y": 602
			},
			"rotated": false,
			"spriteSourceSize": {
				"h": 99,
				"w": 128,
				"x": 0,
				"y": 14
			},
			"sourceSize": {
				"h": 128,
				"w": 128
			},
			"trimmed": true
		},
		"./spec_rocket_diagonal1": {
			"frame": {
				"h": 125,
				"w": 104,
				"x": 4,
				"y": 783
			},
			"rotated": false,
			"spriteSourceSize": {
				"h": 125,
				"w": 104,
				"x": 14,
				"y": 3
			},
			"sourceSize": {
				"h": 128,
				"w": 128
			},
			"trimmed": true
		},
		"./spec_rocket_diagonal2": {
			"frame": {
				"h": 125,
				"w": 104,
				"x": 742,
				"y": 244
			},
			"rotated": false,
			"spriteSourceSize": {
				"h": 125,
				"w": 104,
				"x": 14,
				"y": 3
			},
			"sourceSize": {
				"h": 128,
				"w": 128
			},
			"trimmed": true
		},
		"./spec_rocket_horizontal": {
			"frame": {
				"h": 112,
				"w": 126,
				"x": 742,
				"y": 128
			},
			"rotated": false,
			"spriteSourceSize": {
				"h": 112,
				"w": 126,
				"x": 2,
				"y": 11
			},
			"sourceSize": {
				"h": 128,
				"w": 128
			},
			"trimmed": true
		},
		"./spec_rocket_vertical": {
			"frame": {
				"h": 125,
				"w": 112,
				"x": 268,
				"y": 710
			},
			"rotated": false,
			"spriteSourceSize": {
				"h": 125,
				"w": 112,
				"x": 10,
				"y": 3
			},
			"sourceSize": {
				"h": 128,
				"w": 128
			},
			"trimmed": true
		},
		"./spec_stone": {
			"frame": {
				"h": 121,
				"w": 128,
				"x": 136,
				"y": 710
			},
			"rotated": false,
			"spriteSourceSize": {
				"h": 121,
				"w": 128,
				"x": 0,
				"y": 7
			},
			"sourceSize": {
				"h": 128,
				"w": 128
			},
			"trimmed": true
		},
		"./star_mod": {
			"frame": {
				"h": 53,
				"w": 56,
				"x": 4,
				"y": 1221
			},
			"rotated": false,
			"spriteSourceSize": {
				"h": 53,
				"w": 56,
				"x": 4,
				"y": 6
			},
			"sourceSize": {
				"h": 64,
				"w": 64
			},
			"trimmed": true
		},
		"./starsProgressBack": {
			"frame": {
				"h": 45,
				"w": 138,
				"x": 775,
				"y": 1014
			},
			"rotated": false,
			"spriteSourceSize": {
				"h": 45,
				"w": 138,
				"x": 0,
				"y": 0
			},
			"sourceSize": {
				"h": 45,
				"w": 138
			},
			"trimmed": false
		},
		"./starsProgressFront": {
			"frame": {
				"h": 45,
				"w": 138,
				"x": 1080,
				"y": 653
			},
			"rotated": false,
			"spriteSourceSize": {
				"h": 45,
				"w": 138,
				"x": 0,
				"y": 0
			},
			"sourceSize": {
				"h": 45,
				"w": 138
			},
			"trimmed": false
		},
		"./tutorialArrow": {
			"frame": {
				"h": 126,
				"w": 91,
				"x": 522,
				"y": 705
			},
			"rotated": false,
			"spriteSourceSize": {
				"h": 126,
				"w": 91,
				"x": 23,
				"y": 7
			},
			"sourceSize": {
				"h": 135,
				"w": 135
			},
			"trimmed": true
		},
		"./v": {
			"frame": {
				"h": 48,
				"w": 59,
				"x": 64,
				"y": 1221
			},
			"rotated": false,
			"spriteSourceSize": {
				"h": 48,
				"w": 59,
				"x": 0,
				"y": 0
			},
			"sourceSize": {
				"h": 48,
				"w": 59
			},
			"trimmed": false
		}
	},
	"meta": {
		"image": "atlases/game.tex.pixi.png"
	}
}